{
    "subject": 1,
    "cohort": "group_a",
    "constants": {
        "temperature": 1.2178737496114778,
        "sampling": 0.7533727490119464,
        "context_span": 112.9042398838344,
        "target_length": 30.0
    },
    "varied_param": "temperature",
    "mean": 1.4021739310025518,
    "variance": 0.3996960996559639,
    "timepoints": [
        {
            "timepoint": 0,
            "varied_param_value": 1.0406231646017965,
            "wellbeing_factors": {
                "state_score": 0.26,
                "wellbeing": 0.26,
                "sleep": 0.51,
                "anxiety": 0.99,
                "happiness": 0.07,
                "medication": 0,
                "drugs": 0
            }
        },
        {
            "timepoint": 1,
            "varied_param_value": 1.5428522853924302,
            "wellbeing_factors": {
                "state_score": 0.18,
                "wellbeing": 0.18,
                "sleep": 0.43,
                "anxiety": 0.93,
                "happiness": 0.03,
                "medication": 1,
                "drugs": 0
            }
        }
    ]
}