{
    "subject": 0,
    "cohort": "group_b",
    "constants": {
        "temperature": 0.6216408233966756,
        "sampling": 0.954994412846244,
        "context_span": 49.71282162569001,
        "target_length": 30.0
    },
    "varied_param": "sampling",
    "mean": 0.8359348117724565,
    "variance": 0.009409340889883754,
    "timepoints": [
        {
            "timepoint": 0,
            "varied_param_value": 0.7540937693599589,
            "wellbeing_factors": {
                "state_score": 0.26,
                "wellbeing": 0.26,
                "sleep": 0.51,
                "anxiety": 0.99,
                "happiness": 0.07,
                "medication": 0,
                "drugs": 0
            }
        },
        {
            "timepoint": 1,
            "varied_param_value": 0.8956403340623409,
            "wellbeing_factors": {
                "state_score": 0.23,
                "wellbeing": 0.23,
                "sleep": 0.48,
                "anxiety": 0.98,
                "happiness": 0.05,
                "medication": 1,
                "drugs": 1
            }
        }
    ]
}