sampling,semantic_distance,perplexity,entropy
0.7222562412004802,0.2607384991281165,5.904764472286235,2.0927343877172095
0.6441073319600559,0.33923990647280144,4.48720500210049,2.1981585218791704
1.0012007688645914,0.42107083919606886,5.975012972533829,2.2882323149325594
0.884673425242535,0.41758730101645114,6.340950249914133,2.1774439771127487
