sampling,semantic_distance,perplexity,entropy
0.7222562412004802,0.37021352509857974,5.023693839898563,1.8740392896615583
0.6441073319600559,0.4514296507695551,2.996192858224774,1.6890944238837766
1.0012007688645914,0.30206076594956666,4.993252868829417,2.0789302161778322
0.884673425242535,0.2522352624293931,4.757009203077842,1.6392867489137335
