sampling,semantic_distance,perplexity,entropy
0.7222562412004802,0.4247091454816464,5.321659898813828,2.3550876263843876
0.6441073319600559,0.3846007828670049,6.902340708044855,2.4843330556616086
1.0012007688645914,0.39389063415596665,6.406117019705551,2.4984557529208824
0.884673425242535,0.4261120978737021,6.251541937233833,2.5321211892490587
