sampling,semantic_distance,perplexity,entropy
0.7222562412004802,0.25827571751069617,3.5027079774702914,1.5582243367693884
0.6441073319600559,0.45298126409824396,3.7628791752610886,1.9775334669264137
1.0012007688645914,0.2725601552850113,4.576892749192868,1.767261540919083
0.884673425242535,0.3295857582470241,2.9590204815237238,1.5461792561691254
