temperature,semantic_distance,perplexity,entropy
1.1060921762081448,0.3192222759674328,5.107485061728607,2.0619926317520636
1.8755129455131732,0.28732732597401495,5.362602969876377,1.992520094338733
0.33549468199593313,0.4094286201480796,6.574914940331957,2.1381176447577994
0.1383563300366769,0.31984024299693226,4.306199207211855,1.7823118267447822
