temperature,semantic_distance,perplexity,entropy
1.1060921762081448,0.3727166356961665,7.040808752145159,2.69961790971353
1.8755129455131732,0.4486360416574745,5.764757962720216,2.3810327987664857
0.33549468199593313,0.4204652015252472,7.169620641835541,2.629275751418688
0.1383563300366769,0.4156928176412331,6.782556945643945,2.805154489177578
