temperature,semantic_distance,perplexity,entropy
1.1060921762081448,0.2226765571934705,8.187134784838197,2.0320049074067863
1.8755129455131732,0.3776519032181631,9.452608068839213,2.223318879647801
0.33549468199593313,0.25379860909423685,8.108432865649206,2.359663908829453
0.1383563300366769,0.25379860909423685,8.108432865649206,2.359663908829453
