temperature,semantic_distance,perplexity,entropy
1.1060921762081448,0.31330210643687406,2.9624633387530714,1.519129583483626
1.8755129455131732,0.2756022377531186,4.104151739975332,1.3369106359706584
0.33549468199593313,0.257193209786152,3.38947003949073,1.8715557084835477
0.1383563300366769,0.2861649422579903,3.0833458442368125,1.5667222865857184
