{
    "subject": 1,
    "group": "b",
    "constants": {
        "temperature": 0.8666573425155737,
        "sampling": 0.9485816801020237,
        "context_span": 100.33505353654748,
        "target_length": 30.0
    },
    "varied_param": "sampling",
    "mean": 0.8464370292836011,
    "variance": 0.010477729633783581,
    "timepoints": [
        {
            "timepoint": 0,
            "varied_param_value": 0.6039234986453736,
            "wellbeing_factors": {
                "state_score": 0.31,
                "wellbeing": 0.31,
                "sleep": 0.56,
                "anxiety": 0.94,
                "happiness": 0.1,
                "medication": 1,
                "drugs": 1
            }
        },
        {
            "timepoint": 1,
            "varied_param_value": 0.9112559039199281,
            "wellbeing_factors": {
                "state_score": 0.24,
                "wellbeing": 0.24,
                "sleep": 0.49,
                "anxiety": 0.99,
                "happiness": 0.06,
                "medication": 1,
                "drugs": 1
            }
        }
    ]
}