{
    "subject": 0,
    "cohort": "group_a",
    "constants": {
        "temperature": 0.6216408233966756,
        "sampling": 0.954994412846244,
        "context_span": 49.71282162569001,
        "target_length": 30.0
    },
    "varied_param": "temperature",
    "mean": 1.4512827530250016,
    "variance": 0.39165301759150495,
    "timepoints": [
        {
            "timepoint": 0,
            "varied_param_value": 1.4086992735419825,
            "wellbeing_factors": {
                "state_score": 0.12,
                "wellbeing": 0.12,
                "sleep": 0.37,
                "anxiety": 0.87,
                "happiness": 0.01,
                "medication": 0,
                "drugs": 1
            }
        },
        {
            "timepoint": 1,
            "varied_param_value": 0.5728305461118421,
            "wellbeing_factors": {
                "state_score": 0.22,
                "wellbeing": 0.22,
                "sleep": 0.47,
                "anxiety": 0.97,
                "happiness": 0.05,
                "medication": 0,
                "drugs": 0
            }
        }
    ]
}