{
    "subject": 0,
    "group": "b",
    "constants": {
        "temperature": 0.8792846359416112,
        "sampling": 0.8946247750503145,
        "context_span": 35.83717743740984,
        "target_length": 30.0
    },
    "varied_param": "sampling",
    "mean": 0.7021331416291371,
    "variance": 0.01005940658684394,
    "timepoints": [
        {
            "timepoint": 0,
            "varied_param_value": 0.5807753261109796,
            "wellbeing_factors": {
                "state_score": 0.24,
                "wellbeing": 0.24,
                "sleep": 0.49,
                "anxiety": 0.99,
                "happiness": 0.06,
                "medication": 0,
                "drugs": 0
            }
        },
        {
            "timepoint": 1,
            "varied_param_value": 0.530639335284927,
            "wellbeing_factors": {
                "state_score": 0.25,
                "wellbeing": 0.25,
                "sleep": 0.5,
                "anxiety": 1.0,
                "happiness": 0.06,
                "medication": 1,
                "drugs": 1
            }
        }
    ]
}