{
    "subject": 3,
    "cohort": "group_a",
    "constants": {
        "temperature": 1.2466501716327645,
        "sampling": 0.9922541233070399,
        "context_span": 89.52387865325093,
        "target_length": 122.39485294698423
    },
    "varied_param": "temperature",
    "mean": 1.3514692845753067,
    "variance": 0.36748080455374216,
    "timepoints": []
}